pc4,buurt_key,address_count
1011,0363AF08,674
1012,0363AE03,566
1013,0363AA02,1364
1014,0363EC01,2039
1015,0363AB05,1166
1016,0363AB10,1404
1017,0363AH03,763
1018,0363AK04,2560
1019,0363MA01,1652
1021,0363NL03,1561
1022,0363NG02,1535
1023,0363NN02,1286
1024,0363NJ05,2460
1025,0363NH02,1605
1026,0363NQ10,199
1027,0363NQ03,184
1028,0363NQ09,124
1031,0363NB07,3419
1032,0363NK01,1245
1033,0363NC02,2038
1034,0363NE04,1861
1035,0363NA07,1460
1036,0363NC04,1113
1037,0363NA01,66
1041,0363BA04,77
1042,0363BA05,84
1043,0363FA08,1903
1044,0363BA03,38
1045,0363BA02,61
1046,0363FA03,513
1047,0363FA01,86
1051,0363EH06,1236
1052,0363EJ01,643
1053,0363ES02,993
1054,0363EU02,1511
1055,0363EE01,964
1056,0363EK03,507
1057,0363EM04,721
1058,0363ER02,781
1059,0363FP05,1051
1060,0363FG03,2018
1061,0363FM02,1795
1062,0363FP04,2121
1063,0363FC01,1442
1064,0363FE03,1986
1065,0363FN02,1563
1066,0363FQ03,1327
1067,0363FB03,1943
1068,0363FK03,2276
1069,0363FH02,2672
1071,0363KD02,749
1072,0363KF01,831
1073,0363KF03,721
1074,0363KG03,1043
1075,0363KB01,496
1076,0363KH02,1144
1077,0363KP01,915
1078,0363KK02,742
1079,0363KK05,901
1081,0363KQ05,2480
1082,0363KQ04,3167
1083,0363KR02,1841
1086,0363MJ02,1175
1087,0363MJ05,2442
1091,0363MC01,1140
1092,0363MD02,1106
1093,0363ME01,1879
1094,0363MF03,1202
1095,0363MH02,2004
1096,0363MQ05,2024
1097,0363MP03,1659
1098,0363MN04,1878
1101,0363TA03,620
1102,0363TB01,2854
1103,0363TF01,1871
1104,0363TH02,1566
1105,0363TA05,2271
1106,0363TJ03,1845
1107,0363TM04,1561
1108,0363TK01,1678
1109,0363SA02,616
1111,03840202,1176
1112,03840502,2120
1113,03840104,662
1114,04370001,587
1115,04370001,2639
1117,03941663,255
1118,03941663,570
1119,03940674,497
1121,04150301,1324
1127,04150201,251
1131,03850201,2038
1132,03850210,1155
1135,03850001,1392
1141,08520000,1312
1145,08520100,119
1151,08520300,1139
1153,08520301,118
1154,08520302,63
1156,08520200,937
1161,03940343,874
1165,03942272,1128
1171,03940554,1409
1175,03940429,362
1181,03620401,1960
1182,03620202,1054
1183,03620603,1604
1184,03620702,186
1185,03620804,1857
1186,03621005,1465
1187,03621101,1148
1188,03621002,1300
1189,03621301,206
1191,04370000,3520
1211,04020101,1537
1212,04020505,1849
1213,04020501,1243
1214,04020402,2153
1215,04020405,1949
1216,04020304,3257
1217,04020201,1110
1218,04020801,1859
1221,04020603,1563
1222,04020703,3716
1223,04020605,2411
1231,16960400,2617
1241,16960101,2514
1243,16960000,612
1244,16960201,481
1251,04170328,2041
1252,04170324,150
1261,03760102,2121
1262,03760104,484
1271,04060001,1735
1272,04060103,960
1273,04060817,1576
1274,04061123,1489
1275,04061020,736
1276,04060716,1882
1277,04061226,859
1309,00345901,15
1311,00342808,794
1312,00342804,773
1313,00342602,660
1314,00341701,1267
1315,00341705,974
1316,00342204,594
1317,00342202,766
1318,00342101,868
1319,00343104,898
1321,00343005,828
1322,00343702,255
1323,00342902,1324
1324,00342703,1287
1325,00341805,995
1326,00341902,857
1327,00343801,130
1328,00342405,899
1329,00343901,26
1331,00345801,97
1332,00345701,146
1333,00344401,916
1334,00344101,1130
1335,00345002,1024
1336,00345001,722
1338,00344701,800
1339,00344901,976
1341,00347603,941
1343,00347502,388
1349,00347702,1615
1351,00340701,447
1352,00340703,518
1353,00340803,786
1354,00340101,422
1355,00340601,597
1356,00340502,389
1357,00340402,372
1358,00341001,305
1359,00340902,400
1361,00346602,1309
1362,00346001,1227
1363,00346101,1226
1364,00349615,1
1381,0363SD03,1247
1382,0363SC05,1127
1383,0363SE02,794
1384,0363SB03,1145
1391,07360702,1753
1393,19040804,524
1394,16960604,833
1396,07360801,456
1398,19420401,1635
1399,19420402,751
1401,19420002,498
1402,19420004,492
1403,19420206,1217
1404,19420000,726
1405,19420302,412
1406,19420304,603
1411,19420502,1619
1412,19420508,976
1421,04512500,1495
1422,04513500,3263
1423,04516500,2373
1424,04518500,1557
1426,07360202,189
1427,07360301,443
1428,05690819,38
1431,03580001,3107
1432,03580205,2821
1433,03580100,3848
1435,03940779,739
1436,03940676,220
1437,03940678,61
1438,03940675,168
1441,04390402,2997
1442,04390201,3525
1443,04390302,2589
1444,04390204,3162
1445,04390501,2202
1446,04390504,2179
1447,04390602,2962
1448,04390705,2601
1451,04150101,142
1452,08520400,734
1454,08520500,227
1456,08800100,454
1458,08800209,51
1461,04390804,1657
1462,04390801,2417
1463,04390802,218
1464,04390803,263
1471,03850701,331
1472,03850601,281
1473,03850501,291
1474,03850402,925
1475,03850301,221
1476,03850801,47
1477,03850901,65
1481,03850101,34
1482,08520010,50
1483,03611003,1928
1484,03611002,343
1485,03611000,35
1486,03611001,289
1487,03611004,70
1488,03611005,69
1489,03830601,54
1501,04791131,1567
1502,04791412,3006
1503,04791321,1653
1504,04791213,1562
1505,04791122,1687
1506,04792210,2155
1507,04792314,2699
1508,04791512,1497
1509,04791612,1760
1511,04310000,3123
1521,04795110,1697
1525,04795150,183
1531,08800001,1896
1534,08800002,219
1536,03611006,128
1541,04793110,2278
1544,04794110,1660
1546,08800200,264
1551,04798140,1081
1561,04796130,1201
1562,04796220,1543
1566,04797120,2586
1567,04797234,1776
1601,03880001,1426
1602,03880106,1235
1606,04980300,1244
1607,04980601,512
1608,04980400,563
1609,04980700,45
1611,05320310,1187
1613,05320306,893
1614,05320201,841
1616,04980006,767
1617,04980100,599
1619,04201601,862
1621,04051001,1270
1622,04051301,1003
1623,04051102,972
1624,04051200,807
1625,04052007,1056
1627,04053401,89
1628,04053306,1498
1631,15981002,94
1633,15980803,502
1634,15980902,205
1636,03610903,538
1641,15980303,385
1642,15980302,12
1643,15980301,81
1645,15980605,225
1646,03610901,29
1647,15980504,296
1648,15980705,342
1652,15980402,116
1654,04200702,159
1655,04200601,261
1657,04200501,899
1658,04200401,76
1661,04320503,126
1662,04320503,128
1663,04320503,36
1671,04200101,1188
1674,04200201,721
1676,04200301,378
1678,04201201,253
1679,04201101,1013
1681,04201402,147
1682,04201403,62
1683,04201401,62
1684,04201401,198
1685,04200901,143
1686,04200902,37
1687,04200802,725
1688,04201001,841
1689,04052100,1090
1691,04201301,245
1692,04201301,10
1693,04201501,1329
1695,04053104,945
1696,04980200,585
1697,04980500,308
1701,19801101,1352
1702,19801301,1117
1703,19801701,1558
1704,19802101,1258
1705,19802301,1487
1706,19802601,1007
1711,15980202,362
1713,15980109,447
1715,04320212,444
1716,04320102,328
1718,04320310,209
1719,04320403,97
1721,19800401,1011
1722,19800301,979
1723,19800201,1551
1724,19800102,789
1731,19111501,410
1732,19111401,182
1733,19111601,832
1734,19111901,78
1735,19111701,696
1736,19111801,90
1738,04410701,863
1741,04411001,1548
1742,04411602,890
1744,04410401,496
1746,04410801,936
1747,04410602,847
1749,04410503,697
1751,04410101,740
1752,04411201,203
1753,04411401,128
1754,04410301,164
1755,04411101,380
1756,04411302,704
1757,04410901,238
1759,04411501,773
1761,19110101,1026
1764,19110201,1046
1766,19110301,795
1767,19111101,464
1768,19111201,283
1769,19111301,51
1771,19110701,909
1773,19110801,255
1774,19110901,604
1775,19111001,761
1777,19110503,849
1778,19110401,307
1779,19110601,1075
1781,04000105,1296
1782,04000200,1309
1783,04000303,928
1784,04000408,923
1785,04000502,860
1786,04000603,113
1787,04000702,1000
1788,04000804,1093
1789,04000300,300
1791,04480000,3660
1792,04480004,637
1793,04480003,111
1794,04480002,571
1795,04480107,1491
1796,04480001,1342
1797,04480005,290
1811,03610800,2004
1812,03610301,262
1813,03610302,1480
1814,03610100,1286
1815,03610802,1114
1816,03610400,2345
1817,03610404,1059
1821,03610203,1017
1822,03611100,1254
1823,03610204,1026
1824,03610500,1305
1825,03610604,1687
1826,03610603,1597
1827,03610701,1461
1829,03610201,1033
1831,03610702,1107
1832,19800601,93
1834,19800501,1755
1841,03610902,868
1842,03610900,213
1843,03610906,292
1844,03610905,81
1846,03610904,136
1847,03610904,79
1851,03990303,1190
1852,03990202,1557
1853,03990504,489
1861,03730103,447
1862,03730107,697
1865,03730200,379
1871,03730700,1541
1873,03730704,675
1901,03830111,1325
1902,03830201,1574
1906,03830701,1406
1911,04500004,1976
1921,03830511,1474
1931,03730400,1507
1934,03730600,1387
1935,03730500,1007
1941,03750002,824
1942,03750101,540
1943,03750300,698
1944,03750301,974
1945,03750702,1433
1946,03750600,1551
1947,03750200,542
1948,03751000,796
1949,03750800,1051
1951,04530500,790
1961,03960100,776
1962,03960800,1035
1963,03960603,1193
1964,03960200,1168
1965,03960901,966
1966,03960302,1367
1967,03961001,1139
1968,03960403,110
1969,03960402,307
1971,04530200,872
1972,04530206,1152
1973,04530402,879
1974,04530405,824
1975,04530302,1461
1976,04530303,1272
1981,04530002,469
1985,04530003,602
1991,04530805,1279
1992,04530806,855
2011,03920102,1448
2012,03920201,1041
2013,03920303,1084
2014,03920403,1430
2015,03920503,1118
2019,03920105,59
2021,03921002,884
2022,03921105,869
2023,03921205,942
2024,03921304,796
2025,03921501,1174
2026,03921603,1031
2031,03920602,1201
2032,03920701,1269
2033,03920803,1346
2034,03921802,1938
2035,03921903,1447
2036,03922005,1025
2037,03922101,1735
2041,04730105,1325
2042,04730203,1188
2051,03770100,1445
2061,03770000,1555
2063,03921702,294
2064,03942038,1291
2065,03942120,97
2071,04530604,567
2082,04530702,767
2101,03970000,1773
2102,03970003,1368
2103,03970001,1259
2104,03970100,606
2105,03970009,966
2106,03970002,698
2111,03770200,1025
2114,03770300,911
2116,04730302,264
2121,03770400,562
2131,03940105,2052
2132,03940110,2540
2133,03940108,1824
2134,03940116,3844
2135,03940114,3287
2136,03941294,710
2141,03941567,858
2142,03941397,748
2143,03940466,111
2144,03941193,366
2151,03940237,3242
2152,03940236,2694
2153,03940234,971
2154,03940883,138
2155,03940884,25
2156,03940885,160
2157,03940986,397
2158,03940988,202
2159,18840105,228
2161,05530104,902
2162,05530304,846
2163,05530103,648
2165,03941090,1355
2171,15251406,1000
2172,15251202,654
2181,05340102,918
2182,05340105,786
2191,05750500,908
2201,05750108,1031
2202,05750004,803
2203,05750111,887
2204,05750204,1329
2211,05750300,1038
2212,05750301,555
2215,15250102,855
2216,15250303,192
2221,05370103,1763
2222,05370202,153
2223,05370301,1090
2224,05370306,1100
2225,05370502,1304
2231,05370703,1217
2232,05370702,299
2235,05370802,803
2236,05370809,19
2241,06290103,2123
2242,06290101,1582
2243,06290005,479
2244,06290002,412
2245,06290006,518
2251,06260007,1755
2252,06260004,707
2253,06260001,2560
2254,06260009,220
2261,19160101,1153
2262,19160602,815
2263,19160200,2449
2264,19160300,1207
2265,19160301,1320
2266,19160502,1035
2267,19161201,147
2271,19161300,1779
2272,19160804,1150
2273,19161001,2483
2274,19161100,1745
2275,19161200,1170
2281,06030111,1035
2282,06030224,2195
2283,06030434,1819
2284,06030643,2141
2285,06030854,1923
2286,06030961,3668
2287,06030771,2222
2288,06030581,1675
2289,06031194,731
2291,17830610,1364
2292,17830611,1058
2295,17830801,1181
2311,05460003,1022
2312,05460101,1159
2313,05460405,1556
2314,05460408,1205
2315,05460302,2978
2316,05460301,2453
2317,05460800,1898
2318,05460805,1153
2321,05460406,5142
2322,05460505,54
2323,05460505,150
2324,05460503,2569
2331,05460903,1918
2332,05460602,2769
2333,05460700,1740
2334,05460701,926
2341,05790102,1559
2342,05790501,1615
2343,05790203,1411
2351,05470000,773
2352,05470001,1696
2353,05470008,1411
2355,18840202,612
2361,15252102,1030
2362,15252202,117
2371,18840000,2113
2374,18840104,236
2375,18840102,580
2376,18840101,266
2377,18840001,1139
2381,06380001,566
2382,06381006,877
2391,04849101,750
2394,04849403,982
2396,04849603,756
2401,04840108,1134
2402,04840211,936
2403,04840306,1234
2404,04840403,986
2405,04840501,1304
2406,04840603,1628
2407,04840701,304
2408,04840802,1679
2409,04840901,15
2411,19010103,799
2412,19010217,756
2415,19010302,665
2421,05690101,3255
2431,05690308,404
2432,05690411,68
2435,05690614,645
2441,05690926,991
2445,04844503,230
2451,18840408,838
2461,05691029,1633
2465,18840300,555
2471,04847101,442
2481,18840203,773
2491,05184317,378
2492,05184420,3193
2493,05184418,1687
2495,05184106,181
2496,05184212,2806
2497,05184213,2061
2498,05184215,1915
2511,05182813,2320
2512,05182814,2631
2513,05182811,2530
2514,05182812,1146
2515,05182718,2264
2516,05183826,2269
2517,05181143,1951
2518,05182245,2746
2521,05183822,3449
2522,05183825,4474
2523,05183824,1951
2524,05183823,1426
2525,05182915,2792
2526,05182916,2809
2531,05183638,2464
2532,05183639,2525
2533,05183637,2796
2541,05183480,2176
2542,05183398,3475
2543,05183396,2871
2544,05183387,3817
2545,05183488,2704
2546,05183284,2774
2547,05183284,4142
2548,05184002,3203
2551,05181840,3182
2552,05181786,5553
2553,05181697,4091
2554,05181591,1265
2555,05181492,2285
2561,05182055,1370
2562,05182055,2029
2563,05182054,2820
2564,05181953,3355
2565,05181251,2744
2566,05181309,2118
2571,05183032,1688
2572,05183034,2150
2573,05183135,2783
2574,05183130,2518
2581,05180908,1389
2582,05180907,3335
2583,05180800,2750
2584,05180704,1772
2585,05180546,2993
2586,05180703,2788
2587,05180271,3002
2591,05182561,3122
2592,05182569,3048
2593,05182666,4457
2594,05182568,268
2595,05182664,2682
2596,05180479,1080
2597,05180476,2249
2611,05031104,1228
2612,05031207,1105
2613,05031305,1516
2614,05031405,995
2616,05031602,39
2622,05032204,1199
2623,05032303,992
2624,05032405,2040
2625,05032501,1846
2626,05032600,7
2627,05032700,1057
2628,05032805,1696
2629,05032900,91
2631,19260223,1652
2632,19260227,521
2635,18420001,3567
2636,18420000,1467
2641,19260102,2020
2642,19260104,1433
2643,19260106,1035
2645,19260343,1194
2651,16212131,895
2652,16212321,1037
2661,16211111,1518
2662,16211321,1060
2665,16213141,1042
2671,17830101,2483
2672,17830113,1418
2673,17830161,1113
2675,17830257,836
2676,17830301,1262
2678,17830712,1535
2681,17830504,1468
2684,17831001,349
2685,17830902,1150
2691,17830420,1587
2692,17830402,1047
2693,17830480,851
2694,17830406,839
2711,06370203,797
2712,06370103,915
2713,06370404,1477
2715,06370504,940
2716,06370511,1267
2717,06370610,599
2718,06371005,954
2719,06371017,1071
2721,06371110,659
2722,06370303,926
2723,06370808,732
2724,06370809,803
2725,06370704,580
2726,06370702,961
2727,06370802,670
2728,06370906,821
2729,06371118,1217
2731,04843103,832
2735,06380404,23
2741,06270303,987
2742,06270204,2989
2743,06270202,2186
2751,18920104,499
2752,18920101,44
2761,18920211,1252
2771,04847011,1088
2801,05130100,1004
2802,05130200,2623
2803,05130301,1505
2804,05130400,1631
2805,05130500,2525
2806,05130604,1680
2807,05130701,1240
2808,05130800,135
2809,05130904,627
2811,19010507,944
2821,19311000,1565
2825,19310700,497
2831,19310300,1140
2841,18920304,908
2851,19310807,494
2855,19311100,195
2861,19310402,1335
2865,19310600,757
2871,19311200,1965
2872,19311204,531
2901,05020119,1013
2902,05020224,957
2903,05020332,1221
2904,05020443,885
2905,05020556,947
2906,05020662,1022
2907,05020773,1088
2908,05020887,461
2909,05020991,710
2911,18920409,905
2912,18920416,1118
2913,18920491,183
2914,18920415,1065
2921,05420000,1098
2922,05420001,3489
2923,05420002,2736
2924,05420003,1704
2925,05420004,2870
2926,05420005,1001
2931,19310100,889
2935,19310200,1744
2941,19310000,578
2951,04820103,627
2952,04820501,196
2953,04820307,500
2954,04820303,393
2957,19781201,1833
2959,19781803,784
2961,19780903,317
2964,19780604,1518
2965,19781301,723
2967,19781003,607
2968,19781901,42
2969,19781603,584
2971,19780203,795
2973,19781101,327
2974,19780302,292
2975,19781508,122
2977,19780502,221
2981,05970100,936
2982,05970200,1857
2983,05970600,4614
2984,05970500,1608
2985,05970300,2566
2986,05970400,3534
2987,05970700,3907
2988,05970800,1350
2989,05970900,228
2991,04890512,665
2992,04893164,1103
2993,04891431,934
2994,04892039,1866
2995,06420802,600
3011,05990110,12265
3012,05990112,4190
3013,05990113,623
3014,05990111,2796
3015,05990119,875
3016,05990118,1367
3021,05990325,3086
3022,05990324,2293
3023,05990324,2397
3024,05990320,2689
3025,05990321,2089
3026,05990322,2107
3027,05990323,3033
3028,05990327,1573
3029,05990329,1441
3031,05990814,3781
3032,05990515,1689
3033,05990516,1556
3034,05990837,3488
3035,05990535,2520
3036,05990535,2439
3037,05990534,2140
3038,05990531,2032
3039,05990532,2335
3041,05990558,80
3042,05990451,3070
3043,05990456,2723
3044,05991853,913
3045,05990455,1872
3046,05990454,155
3047,05992459,710
3051,05990661,2738
3052,05990660,2841
3053,05990660,4764
3054,05990662,3850
3055,05990665,3520
3056,05990664,1335
3059,05991468,5278
3061,05990841,5657
3062,05990842,3096
3063,05990845,2753
3064,05991446,715
3065,05991444,3602
3066,05991448,5584
3067,05991449,6222
3068,05991463,7057
3069,05991463,6484
3071,05991079,4398
3072,05991085,4588
3073,05991081,4560
3074,05991082,2840
3075,05991080,6966
3076,05991284,7450
3077,05991290,5018
3078,05991289,6769
3079,05991289,8087
3081,05991571,2959
3082,05991574,3448
3083,05991572,2660
3084,05991575,832
3085,05991573,6313
3086,05991577,4737
3087,05991574,895
3088,05992198,325
3089,05991593,807
3111,06060001,1237
3112,06060103,900
3113,06060108,170
3114,06060401,910
3115,06060201,109
3116,06060307,548
3117,06060302,821
3118,06060610,1306
3119,06060606,941
3121,06060502,654
3122,06060703,1229
3123,06060903,1017
3124,06061004,740
3125,06060802,288
3131,06220103,3346
3132,06220203,1988
3133,06220307,902
3134,06220402,2834
3135,06220503,1940
3136,06220606,1631
3137,06220706,1389
3138,06220801,38
3141,05560301,1553
3142,05560201,1246
3143,05560101,1609
3144,05560403,1060
3145,05560501,2099
3146,05560602,1213
3147,05560801,963
3151,05991702,3892
3155,18420100,2100
3161,06130205,895
3162,06130626,1318
3165,06130706,57
3171,06130311,760
3172,06130311,193
3176,06130101,918
3181,05992704,6043
3191,05991699,5022
3192,05991699,6625
3193,05991692,3002
3194,05991692,3223
3195,05991391,2309
3196,05992295,48
3197,05992306,216
3198,05992307,140
3199,05992308,178
3201,19301001,1185
3202,19300302,868
3203,19300703,546
3204,19301202,648
3205,19301407,595
3206,19301301,1164
3207,19301504,1786
3208,19301101,1927
3209,19305001,738
3211,19302702,561
3212,19303302,224
3214,19303101,1370
3216,19302901,408
3218,19302503,458
3221,19920005,846
3222,19920101,615
3223,19920502,759
3224,19920302,1239
3225,19920402,1210
3227,19921001,513
3231,19923000,1695
3232,19923003,1402
3233,19922100,2134
3234,19922109,107
3235,19922004,949
3237,19923100,524
3238,19923201,419
3241,19240301,1006
3243,19241201,635
3244,19241101,1062
3245,19241004,823
3247,19240701,899
3248,19240801,791
3249,19240901,489
3251,19240202,922
3252,19240001,825
3253,19240104,1739
3255,19240601,788
3256,19241301,351
3257,19240401,1023
3258,19240501,586
3261,19630007,1972
3262,19630004,1646
3263,19630005,1376
3264,19631300,1619
3265,19631200,685
3267,19631100,728
3271,19630200,1729
3273,19630300,864
3274,19630100,1229
3281,19630900,4034
3284,19631000,1401
3286,19630800,1622
3291,19630700,3445
3292,19630799,229
3293,19630799,207
3295,19630600,3753
3297,19630400,3499
3299,19630500,1272
3311,05050200,1300
3312,05050505,1214
3313,05050605,921
3314,05050301,893
3315,05051109,1486
3316,05051917,422
3317,05050800,2618
3318,05050901,2090
3319,05051006,2202
3328,05050908,1330
3329,05051011,403
3331,06420303,675
3332,06420112,778
3333,06420508,489
3334,06420604,413
3335,06420403,564
3336,06420701,108
3341,05310102,1595
3342,05310101,1888
3343,05310202,1517
3344,05310301,2823
3351,05900102,1329
3352,05900201,993
3353,05900301,1184
3354,05900401,972
3355,05900502,1028
3356,05900601,816
3361,06100211,791
3362,06100302,1225
3363,06100101,865
3364,06100403,251
3366,19782002,173
3371,05230202,1429
3372,05230301,782
3373,05230403,351
3381,19780402,1122
3401,03530026,1060
3402,03530008,1357
3403,03530025,781
3404,03530019,949
3405,03310010,975
3411,03310000,2274
3412,03310003,181
3413,03310004,109
3415,03310020,251
3417,03350000,2536
3421,05890201,1319
3425,05890401,262
3431,03562400,2500
3432,03561002,1510
3433,03561301,1116
3434,03561600,904
3435,03560503,1053
3436,03560303,1097
3437,03560401,1447
3438,03560202,1244
3439,03562500,912
3441,06320101,1347
3442,06320102,1679
3443,06320106,2508
3444,06320501,56
3445,06320104,2043
3446,06320303,2638
3447,06320301,380
3448,06320202,2303
3449,06320201,245
3451,03441013,3497
3452,03441022,2054
3453,03441024,3397
3454,03441032,2682
3455,03441012,151
3461,03350100,1510
3464,05890302,71
3465,19010602,648
3466,19010702,513
3467,05890101,168
3471,06320701,1063
3474,06320801,729
3481,06320602,1850
3511,03440613,1240
3512,03440611,925
3513,03440211,1934
3514,03440411,1284
3515,03440412,1123
3521,03440811,2244
3522,03440812,3553
3523,03440721,2259
3524,03440712,3349
3525,03440733,1502
3526,03440831,4351
3527,03440832,3875
3528,03440953,144
3531,03440123,1674
3532,03440131,2289
3533,03440112,1428
3534,03440132,1670
3541,03440931,3779
3542,03440133,585
3543,03440913,2589
3544,03440921,2447
3545,03440951,1315
3546,03441041,65
3551,03440223,2009
3552,03440222,2082
3553,03440232,1714
3554,03440242,1588
3555,03440233,1627
3561,03440311,2229
3562,03440321,2508
3563,03440331,2420
3564,03440341,2527
3565,03440333,378
3566,03440343,86
3571,03440421,2478
3572,03440433,2410
3573,03440423,2164
3581,03440512,1938
3582,03440523,1331
3583,03440531,1455
3584,03440533,2613
3585,03440526,66
3601,19040106,910
3602,19040105,1104
3603,19040110,520
3604,19040104,553
3605,19041214,825
3606,19041201,765
3607,19041206,1029
3608,19041209,696
3611,19041101,235
3612,19040701,320
3615,03100101,390
3621,19040207,1727
3625,16960500,106
3626,19040402,177
3628,19040505,637
3631,19040905,95
3632,19040307,694
3633,19040603,699
3634,19041003,148
3641,07360104,1603
3642,07360103,1274
3643,07360102,571
3645,07360402,2083
3646,07360502,144
3648,07360602,1973
3651,05690513,46
3652,05690512,227
3653,05690512,9
3701,03550101,2054
3702,03550103,1506
3703,03550301,1209
3704,03550305,1093
3705,03550201,1503
3706,03550205,2288
3707,03550104,1338
3708,03550402,1246
3709,03550404,61
3711,03550406,763
3712,03550508,701
3721,03100802,2724
3722,03100701,1821
3723,03100505,2297
3731,03100901,2202
3732,03101001,1968
3734,03550506,972
3735,03550503,493
3737,03100401,500
3738,03100301,1956
3739,03100201,464
3741,03080101,924
3742,03080005,1212
3743,03080000,566
3744,03080401,295
3749,03080500,99
3751,03130002,1229
3752,03130006,1420
3754,03130003,270
3755,03170217,1857
3761,03420103,1991
3762,03420201,1630
3763,03420304,829
3764,03420402,1430
3765,03420501,2074
3766,03420601,2441
3768,03420701,1964
3769,03420804,1732
3771,02035411,999
3772,02035414,1931
3773,02035412,1282
3774,02035650,1034
3775,02036265,76
3776,02035960,404
3781,02035530,1646
3784,02035875,273
3785,02036070,303
3791,03270300,966
3792,02036395,47
3794,02036191,135
3811,03070104,722
3812,03070303,997
3813,03070903,1048
3814,03070701,911
3815,03071003,1081
3816,03071301,916
3817,03071602,961
3818,03071701,793
3819,03073401,43
3821,03072500,887
3822,03072001,657
3823,03072108,695
3824,03072400,1280
3825,03072800,885
3826,03073103,1387
3828,03071902,999
3829,03072601,706
3831,03270500,848
3832,03270201,916
3833,03270108,1053
3834,03270004,385
3835,03270400,114
3836,03071202,40
3841,02430101,809
3842,02430502,1123
3843,02431005,824
3844,02430806,579
3845,02431207,775
3846,02430201,615
3847,02431402,59
3848,02431103,634
3849,02431501,554
3851,02330003,2640
3852,02330002,1183
3853,02330004,2538
3861,02670104,914
3862,02670108,914
3863,02670103,1060
3864,02670300,780
3871,02670502,886
3881,02730001,1934
3882,02730003,1431
3886,02035781,552
3888,02001001,724
3891,00500001,1568
3892,00500002,2132
3893,00500003,2444
3894,00500004,2588
3895,00500005,7
3896,00500006,131
3897,00500007,221
3898,00500008,82
3899,00500009,172
3901,03450220,1818
3902,03450110,1723
3903,03450223,1031
3904,03450331,2239
3905,03450550,1319
3906,03450554,1067
3907,03450117,1113
3911,03400301,1202
3912,03400203,228
3921,03401302,1039
3922,03401304,117
3925,02790000,3506
3927,03390000,1396
3931,03510004,1277
3941,15810000,1242
3945,03520200,1192
3947,03520300,630
3951,15810400,1886
3953,15810402,385
3956,15810200,2900
3958,15810300,2255
3959,15810302,287
3961,03520008,738
3962,03520003,1142
3971,15810106,1574
3972,15810108,2205
3981,03120000,2981
3984,03120100,2419
3985,03120200,825
3989,19613901,16
3991,03211010,901
3992,03211014,750
3993,03211124,754
3994,03211344,892
3995,03211121,837
3997,03213070,128
3998,03215090,523
3999,03214080,198
4001,02810000,1332
4002,02810100,979
4003,02810103,1432
4004,02810109,349
4005,02810009,1340
4006,02810011,1101
4007,02810303,1072
4011,02140200,430
4012,02140201,522
4013,02810201,191
4014,02810200,274
4016,02140209,66
4017,02810208,25
4021,02140500,1313
4023,02140501,153
4024,02140502,364
4031,02140400,399
4032,02140301,173
4033,02140300,1472
4041,17400000,1748
4043,17400001,1936
4051,17400100,1676
4053,17400102,311
4054,17400101,227
4061,19600700,631
4062,02810305,35
4063,19600702,82
4064,19600701,392
4101,02160000,1403
4102,02160005,1067
4103,02160009,673
4104,02160106,271
4105,02160101,1119
4106,02160105,810
4107,02160108,52
4111,02140101,200
4112,02140100,1168
4115,02140003,109
4116,02140001,386
4117,02140004,138
4119,02140600,120
4121,19613701,311
4122,19613201,280
4124,19613401,419
4125,19613601,872
4126,19611501,259
4128,19610701,865
4131,19612201,712
4132,19612101,700
4133,19611901,1098
4141,19612702,829
4142,19612401,922
4143,19612502,662
4145,19613001,461
4147,19600801,721
4151,19600203,167
4152,19600202,297
4153,19600200,758
4155,19600103,97
4156,19600102,223
4157,19600101,173
4158,19600100,750
4161,19600901,628
4163,19611701,86
4171,19601100,952
4174,19600502,298
4175,19600500,1066
4176,19600501,202
4181,19600600,680
4182,19600608,91
4184,19600603,429
4185,19600604,169
4191,19600004,1285
4194,19600402,926
4196,19600301,719
4197,19600300,262
4201,05120102,2403
4202,05120900,58
4203,05120700,110
4204,05120600,2830
4205,05120403,1640
4206,05120300,1299
4207,05121106,1035
4208,05121300,1489
4209,19781701,440
4211,19600902,296
4212,19600902,32
4213,05121200,353
4214,19601000,840
4221,19780702,370
4223,19780802,648
4225,19781406,395
4231,19610501,703
4233,19610302,858
4235,19610202,155
4241,19780104,1349
4243,19610901,227
4245,19611101,328
4247,19611301,220
4251,19590106,957
4254,19590201,1650
4255,19590301,1517
4261,19591402,1041
4264,19591301,921
4265,19591901,587
4266,19591701,350
4267,19591801,94
4268,19591601,269
4269,19591501,113
4271,19590501,1004
4273,19590401,1530
4281,19591101,1076
4283,19591001,557
4284,19590701,747
4285,19590602,1309
4286,19591202,659
4287,19590901,85
4288,19590801,108
4301,16760000,2211
4302,16760002,559
4303,16760007,443
4305,16760800,222
4306,16760600,1002
4307,16760700,878
4308,16760701,118
4311,16760500,1338
4315,16760300,374
4316,16760200,313
4317,16760400,175
4318,16760109,1005
4321,16761000,264
4322,16760900,1012
4323,16761100,242
4325,16761300,604
4326,16761400,108
4327,16761500,116
4328,16761200,1036
4331,06870003,1281
4332,06871213,1060
4333,06871111,836
4334,06871008,894
4335,06872031,1657
4336,06873041,851
4337,06873144,1466
4338,06873247,285
4339,06874051,538
4341,06875058,650
4351,07170000,325
4352,07170100,163
4353,07170300,743
4354,07170200,398
4356,07170500,725
4357,07170400,1202
4361,07171200,1370
4363,07170600,479
4364,07170700,473
4365,07170800,455
4371,07170900,1312
4373,07171000,353
4374,07171100,912
4381,07180100,2762
4382,07180202,1089
4383,07180206,938
4384,07180301,897
4385,07180401,982
4386,07180406,706
4387,07180406,176
4388,07180500,1101
4389,07180600,164
4401,07030000,1553
4411,07030400,812
4413,07030200,795
4414,07030300,360
4415,07030600,147
4416,07030100,809
4417,07030501,468
4421,06780000,3954
4423,06780200,186
4424,06780100,1494
4431,06541301,1834
4433,06540601,294
4434,06540701,343
4435,06540101,204
4436,06541101,227
4437,06540401,188
4438,06540301,189
4441,06541201,489
4443,06541001,213
4444,06541401,180
4451,06540501,2415
4453,06541501,854
4454,06540201,526
4455,06540901,491
4456,06540801,614
4458,06640550,539
4461,06640102,3155
4462,06640103,2392
4463,06640105,3176
4464,06640106,591
4465,06640109,401
4471,06640880,801
4472,06640770,474
4474,06640440,183
4475,06640220,313
4481,06640330,817
4482,06780009,10
4484,16950000,883
4485,16950200,207
4486,16950100,864
4491,16950400,629
4493,16950309,1262
4494,16950500,157
4501,17140500,2281
4503,17140900,492
4504,17140801,559
4505,17140600,289
4506,17140701,942
4507,17141300,669
4508,17141400,151
4511,17141000,2170
4513,17141100,335
4515,17141200,968
4521,07150301,632
4522,17141209,80
4524,17140000,1216
4525,17140109,357
4527,17140200,1100
4528,17140400,65
4529,17140300,280
4531,07152001,2047
4532,07152101,1476
4533,07152401,1794
4535,07152305,1253
4536,07152303,1181
4537,07152104,758
4538,07152202,238
4539,07151701,69
4541,07151501,1176
4542,07150501,1113
4543,07152701,894
4551,07151301,1922
4553,07151101,899
4554,07152501,941
4561,06770101,1054
4562,06770107,407
4564,06770201,687
4565,06770701,154
4566,06770501,479
4567,06770301,715
4568,06770601,414
4569,06770401,333
4571,07150101,3689
4574,07152901,347
4575,07150901,67
4576,07150701,876
4581,06771102,399
4583,06771001,152
4584,06771402,61
4585,06771202,180
4586,06770901,207
4587,06770802,591
4588,06771502,169
4589,06771302,123
4611,07480000,2441
4612,07480302,460
4613,07480102,1040
4614,07480101,1121
4615,07480005,1363
4616,07480301,926
4617,07480300,3175
4621,07480200,2192
4622,07480206,83
4623,07480202,1764
4624,07480203,1646
4625,07480204,1184
4631,08730000,3020
4634,08730001,557
4635,08730100,706
4641,08730200,1856
4645,08730300,1729
4651,08510000,2008
4652,08510003,309
4655,08510200,175
4661,07480400,1309
4664,07480500,640
4671,08510300,2387
4675,07160700,917
4681,08510400,924
4691,07160000,3767
4693,07160100,592
4694,07160200,678
4695,07160300,1611
4696,07160400,795
4697,07160500,1969
4698,07160600,1105
4701,16740000,1693
4702,16740202,1331
4703,16740303,1138
4704,16740800,360
4705,16740802,153
4706,16740600,1787
4707,16740404,1366
4708,16740702,1339
4709,16741000,538
4711,08400100,3931
4714,08400200,1684
4715,08400000,1678
4721,08400300,301
4722,08400309,54
4724,16741100,2070
4725,16741400,284
4726,16741200,611
4727,16741300,170
4731,16550301,2203
4735,08400400,729
4741,16550401,2086
4744,16550501,932
4751,16550101,2518
4754,16550201,494
4756,08510100,791
4758,17090600,862
4759,17090500,401
4761,17090002,1740
4762,17090003,640
4765,17090100,595
4766,17190502,8
4771,17090200,186
4772,17090200,74
4781,17090400,241
4782,17090400,232
4791,17090300,2521
4793,17090700,2349
4794,17090800,232
4796,17091009,69
4797,17090900,465
4811,07580004,1975
4812,07580501,3495
4813,07580503,3911
4814,07580502,3386
4815,07580100,1554
4816,07580101,2514
4817,07580200,4571
4818,07580202,1978
4819,07580400,1746
4822,07580602,1744
4823,07580604,1413
4824,07580600,2280
4825,07580105,314
4826,07580102,2723
4827,07580103,1802
4834,07580301,3102
4835,07580303,2261
4836,07580309,389
4837,07580401,866
4838,07580508,334
4839,07580509,160
4841,07580900,4598
4844,17190307,728
4845,17190403,361
4847,07581000,3547
4849,08261300,1054
4851,07580800,1957
4854,07580700,2256
4855,17230401,288
4856,17230301,94
4858,17230501,114
4859,17230601,18
4861,17230207,435
4871,07771015,1542
4872,07770005,2320
4873,07772002,732
4874,07771012,558
4875,07770003,491
4876,07772006,835
4877,07771100,34
4878,07770100,133
4879,07772100,411
4881,08790000,3265
4882,08790100,489
4884,08790200,445
4885,08790309,336
4891,08790400,1960
4901,08260000,3289
4902,08260101,2215
4903,08260800,151
4904,08260500,995
4905,08260200,426
4906,08260701,1236
4907,08260605,1031
4908,08260607,833
4909,08261200,350
4911,08261100,353
4921,17190207,921
4924,17190104,167
4926,17190603,574
4927,17190504,306
4931,07790200,1455
4941,07790000,3188
4942,07790001,1481
4944,07790100,862
5011,08554306,1012
5012,08554403,726
5013,08552904,182
5014,08552504,783
5015,08554502,338
5017,08551104,812
5018,08551302,376
5021,08551604,956
5022,08553207,809
5025,08551706,1013
5026,08553303,535
5032,08553503,899
5035,08555602,839
5036,08555801,830
5037,08553704,984
5038,08551002,1741
5041,08552702,1116
5042,08553804,933
5043,08554801,804
5044,08553903,902
5045,08554902,658
5046,08552304,970
5047,08556004,141
5048,08555904,198
5049,08554202,868
5051,07850608,1149
5052,07850918,451
5053,07850813,278
5056,08556608,746
5057,08556610,779
5059,08240301,101
5061,08241102,1202
5062,08241002,669
5063,08240201,655
5066,08240701,531
5071,08556706,1011
5074,08556801,271
5076,08241601,1908
5081,07980000,3635
5084,07980200,293
5085,07980100,349
5087,07980300,1330
5089,07980400,230
5091,08230200,1170
5094,16670200,623
5095,16670100,554
5096,16670300,211
5101,07660101,1717
5102,07660103,1782
5103,07660107,1325
5104,07660105,1468
5105,07660110,131
5106,07660112,256
5107,07660114,163
5109,07660216,898
5111,07440103,609
5113,07440201,242
5114,07440301,57
5121,07840102,1591
5122,07840106,1109
5124,07840401,304
5125,07840301,107
5126,07840204,937
5131,17230102,506
5133,07852027,933
5141,08670001,1924
5142,08670003,1551
5143,08670005,1402
5144,08670006,2063
5145,08670010,436
5146,08670104,1801
5151,07970105,2699
5152,07970104,2372
5154,07970200,717
5156,07971100,1153
5157,07970600,27
5158,07970800,82
5161,08670101,1728
5165,08670200,1576
5171,08092055,774
5172,08091001,788
5175,08093070,1284
5176,08094095,230
5211,07960101,4368
5212,07960401,1573
5213,07960304,1062
5215,07960211,2095
5216,07960202,2168
5221,07961204,1103
5222,07961109,271
5223,07961102,2735
5224,07961107,3684
5231,07960901,975
5232,07960902,510
5233,07960908,931
5234,07961010,115
5235,07961002,1223
5236,07960803,1119
5237,07961009,1206
5241,07960607,1058
5242,07960506,1719
5243,07960603,992
5244,07960505,1045
5245,07960706,982
5246,07960305,1821
5247,07960704,1292
5248,07960502,484
5249,07960605,151
5251,07970503,2141
5252,07970501,891
5253,07970400,1131
5254,07970300,876
5255,07970900,256
5256,07971000,773
5257,07970700,84
5258,08450300,1807
5261,08650000,1952
5262,08650102,1410
5263,08650002,790
5264,08650002,169
5266,08650200,293
5268,08650300,1647
5271,08450001,1669
5272,08450002,716
5275,08450200,1491
5281,07570000,2483
5282,07570002,1714
5283,07570001,3993
5291,08450100,347
5292,08450108,69
5293,08450100,177
5294,08450108,42
5296,07573000,738
5298,07570200,1731
5301,02970001,2101
5302,02970007,1308
5305,02970103,485
5306,02970100,1005
5307,02970101,192
5308,02970102,597
5311,02970203,961
5313,02970204,193
5314,02970201,531
5315,02970200,150
5316,02970202,81
5317,02970300,469
5318,02970309,12
5321,02630200,1937
5324,02630100,1245
5325,02630101,215
5327,02630401,266
5328,02630400,902
5331,02630000,2727
5333,02630002,63
5334,02630008,329
5335,02630003,211
5341,08280000,1550
5342,08280300,1215
5343,08280603,1036
5344,08280602,1329
5345,08280700,1030
5346,08280401,951
5347,08280106,411
5348,08280100,1043
5349,08280202,228
5351,08281001,2175
5352,08281700,233
5353,08281701,70
5354,08281702,68
5355,08281703,30
5356,08281601,67
5357,08281600,187
5358,08281403,106
5359,08281609,22
5361,19820207,1307
5363,19820103,253
5364,19820301,386
5366,08281300,724
5367,08281200,272
5368,08281100,287
5371,08281400,1079
5373,08281500,1009
5374,19910401,2540
5375,19910501,590
5381,07961401,258
5382,07961401,297
5383,07961499,116
5384,17210120,932
5386,08282200,1672
5388,17210310,376
5391,07961301,1193
5392,07961301,223
5394,08282000,328
5395,08281901,62
5396,08281900,298
5397,08281800,1286
5398,08282100,328
5401,19910101,2001
5402,19910105,1669
5403,19910110,1713
5404,19910113,1468
5405,19910115,528
5406,19910116,2043
5408,19910201,1009
5409,19910301,583
5411,19910601,1989
5421,16520000,2243
5422,16520202,886
5423,16520300,602
5424,16520500,270
5425,16520400,392
5427,07550000,2617
5428,07550100,435
5431,19820801,2284
5432,19820807,3246
5433,19820601,138
5434,19821101,386
5435,19821201,118
5437,19820701,581
5438,19820401,341
5439,19820501,89
5441,19821401,779
5443,19821301,859
5445,19822001,216
5446,19821701,1013
5447,19821801,547
5449,19821705,27
5451,19821001,958
5453,19820903,646
5454,19821501,440
5455,19821601,346
5461,19480429,1591
5462,19480404,651
5463,19480431,833
5464,19480402,878
5465,19480433,388
5466,19480418,478
5467,19480423,951
5469,19480102,508
5471,17210506,28
5472,17210506,347
5473,17210201,340
5476,17210602,548
5481,19480202,645
5482,19480201,970
5491,19480311,998
5492,19480317,1020
5501,08610006,2254
5502,08610002,2265
5503,08610003,1841
5504,08610000,2525
5505,08610004,1671
5506,08610005,1199
5507,08610200,1032
5508,08610100,1551
5509,08610103,1453
5511,07700500,355
5512,07700300,746
5513,07700400,593
5521,07700000,1319
5524,07700200,532
5525,07700100,665
5527,17280202,895
5528,17280300,729
5529,17280400,409
5531,17280003,1058
5534,17280100,348
5541,16670000,3045
5551,08580102,1052
5552,08580001,1673
5553,08580002,869
5554,08580000,2113
5555,08580003,856
5556,08580200,451
5561,17240302,213
5563,17240605,804
5571,17240003,520
5575,17240201,213
5581,08660000,2941
5582,08660002,1415
5583,08660003,1658
5591,16580014,632
5595,16580112,383
5611,07721110,2161
5612,07724120,1520
5613,07723120,1504
5614,07722140,1240
5615,07727110,1346
5616,07726120,1868
5617,07726160,1539
5621,07724210,2216
5622,07724240,1627
5623,07724310,2736
5624,07725120,2434
5625,07725130,1766
5626,07725210,1444
5627,07725230,1905
5628,07725320,2348
5629,07725340,2872
5631,07724340,1520
5632,07725430,2524
5633,07725450,91
5641,07723330,1943
5642,07723210,1628
5643,07722370,1370
5644,07722220,1324
5645,07722340,665
5646,07722350,635
5647,07722399,17
5651,07726240,1280
5652,07726220,1839
5653,07727310,1638
5654,07727240,1652
5655,07727320,1440
5656,07727270,49
5657,07726370,247
5658,07726330,2220
5661,17710007,411
5662,17710001,1261
5663,17710003,1818
5664,17710000,1511
5665,17710006,2632
5666,17710005,1747
5667,17710004,1948
5671,08200000,2846
5672,08200001,3119
5673,08200002,2516
5674,08200100,771
5681,07531501,278
5682,07530701,1442
5683,07530201,895
5684,07530901,1786
5685,07531401,1441
5688,08230000,2165
5689,08230008,223
5691,08480000,2433
5692,08480009,657
5694,08480101,1442
5701,07941000,2083
5702,07941200,1761
5703,07941102,1350
5704,07941400,1440
5705,07941006,1399
5706,07941300,1609
5707,07941500,1739
5708,07941700,2006
5709,07941802,2087
5711,08470001,1233
5712,08470003,1117
5715,08470101,541
5721,07430502,823
5722,07430405,195
5724,07431001,217
5725,07430801,721
5731,17710111,1668
5735,16590100,2285
5737,16590200,1582
5738,16590300,448
5741,16590000,2568
5751,07620301,1394
5752,07620108,348
5753,07620400,701
5754,07620201,1052
5756,07620500,436
5757,07620600,1059
5758,07620700,532
5759,07620800,231
5761,16520600,1845
5763,16520700,523
5764,16520800,380
5766,15070000,204
5768,18940501,1154
5801,09841101,1483
5802,09841601,1037
5803,09841702,917
5804,09841901,910
5807,09840601,1005
5808,09840701,470
5809,09841001,831
5811,09840801,329
5812,09840101,209
5813,09840201,979
5814,09840901,218
5815,09840301,432
5816,09840401,86
5817,09840501,72
5821,19823101,978
5823,19823301,305
5824,19823201,159
5825,19823001,1325
5826,19822801,109
5827,19822701,196
5831,19822211,1186
5835,19821901,520
5836,19822401,565
5841,19822501,477
5843,19822901,142
5844,19822601,276
5845,19822301,1588
5846,19822101,192
5851,08930440,700
5853,08930550,638
5854,08930330,2090
5855,08930660,593
5856,08930770,256
5861,09842101,897
5862,09842201,188
5863,09842301,462
5864,15071300,694
5865,15071400,448
5866,15071500,364
5871,15070600,367
5872,15070900,271
5911,09831101,1187
5912,09831201,944
5913,09831307,1028
5914,09831402,1477
5915,09831502,472
5916,09831601,526
5921,09832101,1703
5922,09832202,1305
5923,09832301,608
5924,09832401,489
5925,09832501,1168
5926,09832601,721
5927,09832701,239
5928,09832801,248
5931,09833102,1912
5932,09833204,1678
5935,09833502,908
5941,09834102,1009
5943,09834301,393
5944,09834401,875
5951,09835101,2136
5953,08890000,3261
5954,08890100,913
5961,15070401,1183
5962,15070500,485
5963,15070300,483
5964,15070209,420
5966,15070100,486
5971,15070803,483
5973,15070700,493
5975,15071000,2236
5976,15071100,283
5977,15071209,73
5981,18940102,1159
5984,18940601,371
5985,18940901,401
5986,18941101,634
5987,18941001,426
5988,18940801,1093
5991,18940401,1109
5993,18940301,1055
5995,18940201,1118
6001,09881101,1944
6002,09880101,2438
6003,09880301,1177
6004,09882401,1740
6005,09882301,1084
6006,09882101,2194
6011,16401100,498
6012,16401200,117
6013,16401300,317
6014,16401500,701
6015,16401400,563
6017,16410400,1100
6019,16410700,938
6021,17060000,3626
6023,17060100,820
6024,17060200,600
6026,17060300,1978
6027,17060400,671
6028,17060500,297
6029,16580310,367
6031,09460101,3327
6034,09460401,557
6035,09460301,1040
6037,16400900,277
6039,09883401,2014
6041,09570000,3651
6042,09570300,1589
6043,09570100,2161
6044,09570400,951
6045,09570200,1007
6049,09570701,1490
6051,16410000,2744
6061,16690401,1570
6063,16690601,918
6065,16690101,1261
6067,16410100,1864
6071,09570801,1199
6074,16690301,1617
6075,16690501,1814
6077,16690201,1300
6081,16400500,1849
6082,16400600,369
6083,16400400,250
6085,16400700,1502
6086,16400300,1123
6088,16400200,1501
6089,16400100,241
6091,09460501,245
6092,09460501,121
6093,16400000,2589
6095,16400800,887
6096,16401000,624
6097,16410500,1670
6099,16410600,850
6101,17110524,1782
6102,17110732,1312
6104,17111143,661
6105,17110630,349
6107,16410200,612
6109,16410301,293
6111,17111041,212
6112,17111041,305
6114,17110161,600
6116,17110417,548
6118,17110939,766
6121,18830604,1225
6122,18830602,905
6123,18830601,538
6124,18830701,307
6125,18830700,757
6127,18830702,1034
6129,09710202,1239
6131,18830100,1864
6132,18830205,1586
6133,18830102,1237
6134,18830101,809
6135,18830001,2599
6136,18830200,1571
6137,18830205,1114
6141,18830401,1115
6142,18830402,566
6143,18830400,496
6151,18830300,2043
6153,18830301,32
6155,19540501,887
6161,18830501,2343
6162,18830502,2236
6163,18830503,3747
6164,18830504,2520
6165,18830505,2351
6166,18830506,2603
6167,18830606,11
6171,09710000,1345
6174,19540503,275
6176,08880002,1471
6181,09710100,3200
6191,08880000,4295
6199,08880109,173
6211,09350003,1086
6212,09350100,1118
6213,09350102,652
6214,09350201,1903
6215,09350209,2179
6216,09350203,955
6217,09350205,1248
6218,09350207,2094
6219,09350300,582
6221,09350006,1436
6222,09350403,1071
6223,09350501,755
6224,09350402,1399
6225,09350406,2497
6226,09350405,2213
6227,09350602,3061
6228,09350603,2279
6229,09350601,1550
6231,09380000,2589
6235,09380100,1140
6237,09380205,140
6241,09380200,2206
6243,09380204,441
6245,19030000,1853
6247,19030100,1045
6251,19030401,161
6252,19030401,59
6255,19030502,320
6261,19030500,385
6262,19030501,387
6265,19030400,400
6267,19030300,1428
6268,19030303,146
6269,19030200,1613
6271,17290000,1649
6273,17290001,83
6274,17290003,204
6276,17290601,62
6277,17290600,176
6278,17290602,20
6281,17290400,579
6285,17290500,310
6286,17290300,309
6287,17290200,619
6289,17290103,29
6291,09810100,3557
6294,09810000,597
6295,09810005,317
6301,09940000,1815
6305,09940200,306
6307,19030204,126
6311,09860501,320
6312,09860501,66
6321,17290100,833
6325,09940400,1249
6333,19540400,923
6336,19540300,1379
6341,09940500,14
6342,09940500,44
6343,09860401,812
6351,09650100,1941
6353,09650103,14
6361,19540100,2210
6363,19540200,606
6365,19540500,727
6367,09860201,1526
6369,09650000,1171
6371,08820001,820
6372,08820008,1581
6373,08820102,1673
6374,08820204,1407
6411,09173300,1588
6412,09173001,1156
6413,09172101,1736
6414,09172200,1102
6415,09173202,1399
6416,09173902,918
6417,09173801,2206
6418,09174000,2142
6419,09173601,1799
6421,09172000,4
6422,09174200,150
6431,09171200,1853
6432,09171000,1819
6433,09171301,1328
6436,19540600,754
6438,19540601,1607
6439,19540603,473
6441,08990207,767
6442,08990317,545
6443,08990318,509
6444,08990126,648
6445,08990429,637
6446,08990134,891
6447,19540003,713
6451,19540000,2089
6454,19540001,329
6456,19540002,364
6461,09280100,2336
6462,09280105,2102
6463,09280204,862
6464,09280205,1033
6465,09280004,1012
6466,09280000,1740
6467,09280002,1740
6468,09280009,111
6469,09280201,295
6471,09280200,1157
6511,02680101,4132
6512,02680202,2073
6515,02680950,2246
6521,02680204,2491
6522,02680205,1537
6523,02680206,3119
6524,02680203,2444
6525,02680618,1792
6531,02680511,2254
6532,02680512,1027
6533,02680615,2875
6534,02680616,1237
6535,02680616,4016
6536,02680737,1847
6537,02680733,2010
6538,02680732,2665
6541,02680320,5201
6542,02680321,3026
6543,02680423,2713
6544,02680424,3191
6545,02680841,2413
6546,02680840,2304
6551,02090382,674
6561,19450505,1081
6562,19450200,875
6564,19450600,286
6566,19450901,1247
6571,19450100,608
6572,19450101,143
6573,19450000,720
6574,19451200,151
6575,19451100,34
6576,19451000,984
6577,19450400,64
6578,19450800,711
6579,19450700,227
6581,02520002,2826
6582,02520000,413
6584,09440000,1755
6585,09440001,1418
6586,09440100,190
6587,09440101,334
6591,09070302,2078
6595,09070100,613
6596,09070000,1009
6598,09070408,823
6599,09070200,249
6601,02960109,2064
6602,02960114,1204
6603,02960138,1134
6604,02960100,776
6605,02960123,730
6606,02960700,120
6611,02520100,790
6612,02520101,269
6613,02960200,214
6615,02960601,44
6616,02960500,317
6617,02960400,565
6621,06680600,1056
6624,02630300,451
6626,06680100,361
6627,06680700,368
6628,06680200,129
6629,06680300,242
6631,02250602,472
6634,02960300,229
6641,02090145,756
6642,02090161,1047
6644,02090275,444
6645,02090491,531
6651,02250202,857
6652,02250204,441
6653,02250302,710
6654,02250402,557
6655,02250502,500
6657,06680500,601
6658,06680400,2578
6659,06680800,985
6661,17340502,800
6662,17340202,693
6663,02680970,7101
6665,17341807,449
6666,17341502,624
6668,17341401,337
6669,17400200,1433
6671,17341106,492
6672,17341301,38
6673,17341006,566
6674,17340902,901
6675,17341706,460
6676,17341903,25
6677,17340802,127
6678,17340701,830
6681,17050005,953
6684,17050700,49
6685,17050600,745
6686,17050500,876
6687,17050400,906
6691,17050104,733
6701,02890901,1118
6702,02890801,1184
6703,02891001,525
6704,02891202,156
6705,02891101,501
6706,02890701,1073
6707,02890604,1204
6708,02890102,893
6709,02890502,640
6711,02280101,2162
6712,02280201,1071
6713,02280203,1274
6714,02280303,1671
6715,02280306,1003
6716,02281203,1074
6717,02281003,1723
6718,02280403,1525
6721,02283004,1813
6731,02289001,713
6732,02287001,767
6733,02288001,588
6741,02284001,1687
6744,02285001,795
6745,02286031,75
6811,02020101,1138
6812,02021471,840
6813,02021264,613
6814,02021261,1229
6815,02020952,1579
6816,02021365,402
6821,02020631,1317
6822,02020733,1217
6823,02021053,1993
6824,02020843,896
6825,02020526,2588
6826,02020425,1880
6827,02020339,422
6828,02020211,1129
6831,02021990,1917
6832,02021886,670
6833,02021783,993
6834,02021815,879
6835,02021993,2115
6836,02022318,2084
6841,02021682,2005
6842,02022092,1087
6843,02022191,1667
6844,02022295,1933
6845,02022296,2896
6846,02022447,2526
6851,17050210,722
6852,17050208,1196
6861,02741206,701
6862,02741102,833
6865,02740801,1080
6866,02740303,614
6869,02740902,321
6871,02740103,833
6874,02740603,280
6877,02289053,9
6881,02750200,3504
6882,02750201,2645
6883,02750202,1395
6891,02770000,697
6901,02990003,1329
6902,02990009,422
6903,02990006,1184
6904,02990004,1898
6905,02990016,1126
6909,02990100,719
6911,02990600,933
6913,02990701,275
6914,02990800,366
6915,02990900,1351
6916,02991000,1183
6917,02991100,236
6921,02260301,1781
6922,02260402,2033
6923,02260501,757
6924,02260601,428
6931,02930000,2632
6932,02930002,1368
6941,19550201,1250
6942,19550200,2246
6951,02750001,3804
6952,02750002,2135
6953,02750000,907
6955,02750004,406
6956,02750003,379
6957,02750005,389
6961,02130605,1506
6964,02130500,159
6971,02130302,789
6974,02130400,237
6975,02130200,117
6981,02210100,1355
6982,02210103,1103
6983,02210104,1247
6984,02210108,45
6986,02990200,551
6987,02990300,1239
6988,02990302,355
6991,02750100,3593
6994,02750103,495
6996,18760403,396
6997,18760401,186
6998,18760402,201
6999,18760400,469
7001,02220104,751
7002,02220204,1142
7003,02220303,664
7004,02220401,1159
7005,02220505,382
7006,02220606,909
7007,02220706,515
7008,02220801,432
7009,02220905,1072
7011,02221104,926
7021,18760100,2675
7025,18760104,378
7031,02223112,1064
7035,19550101,370
7036,19550106,89
7037,19550100,498
7038,19550002,965
7039,19550005,260
7041,19550000,2330
7044,19550001,74
7045,19550003,222
7046,19550008,24
7047,19550004,285
7048,19550008,54
7051,15090300,2399
7054,15090301,181
7055,15090307,287
7061,15090200,1933
7064,15090202,2181
7065,15090309,235
7071,15090001,2160
7075,15090003,569
7076,15090004,261
7077,15090102,151
7078,15090101,235
7081,15090100,1749
7083,15090108,73
7084,15090104,170
7091,01970400,1367
7095,01970409,207
7101,02940000,1930
7102,02940001,1806
7103,02940003,1637
7104,02940104,278
7105,02940106,140
7106,02940106,149
7107,02940107,200
7108,02940121,311
7109,02940109,145
7113,02940106,109
7115,02940103,121
7119,02940120,111
7121,01970302,803
7122,01970301,843
7123,01970303,538
7126,01970204,629
7131,15860106,900
7132,15860109,420
7134,15860501,186
7135,15860201,311
7136,15860301,454
7137,15860401,330
7141,15860603,1024
7142,15860615,151
7151,18590119,508
7152,18590120,322
7156,18590200,532
7157,18590109,292
7161,18590312,680
7165,18590302,225
7201,03010000,1406
7202,03010002,1261
7203,03010202,603
7204,03010103,898
7205,03010004,1000
7206,03010303,750
7207,03010401,1093
7211,02620401,1561
7213,02620400,1614
7214,02620402,678
7215,02620406,173
7216,02620509,110
7217,02620508,359
7218,02620500,353
7221,18760300,878
7223,18760302,243
7224,18760304,29
7225,18760303,73
7226,18760301,56
7227,18760309,151
7231,03010500,1654
7232,03010502,1014
7233,18760203,58
7234,18760202,181
7241,02620003,1164
7242,02620001,1625
7244,02620300,415
7245,02620200,778
7251,18760200,2269
7255,18760000,1980
7256,18760001,421
7261,18590411,577
7263,15860701,187
7271,18590000,482
7273,18590005,141
7274,18590007,275
7275,18590006,166
7311,02000101,3154
7312,02000206,3044
7313,02000204,752
7314,02000203,1734
7315,02000803,920
7316,02000806,1825
7317,02000801,278
7321,02000601,1792
7322,02000702,1842
7323,02000704,2140
7324,02000708,879
7325,02000604,2389
7326,02000503,2244
7327,02000505,2375
7328,02000501,1970
7329,02000506,1449
7331,02000402,2438
7332,02000407,291
7333,02000404,1509
7334,02000305,777
7335,02000304,1547
7336,02000307,155
7339,02000301,1535
7341,02001706,273
7345,02001704,369
7346,02001102,87
7348,02001104,63
7351,02001201,317
7352,02289052,28
7361,02001401,1075
7364,02001501,260
7371,02001302,970
7381,02001602,320
7382,02851001,354
7383,02851201,708
7384,02850901,462
7391,02850505,1015
7392,02850507,261
7395,02850401,317
7396,02850201,507
7397,02850102,152
7399,02130101,113
7411,01500101,1680
7412,01500304,1328
7413,01500401,1140
7414,01500501,1776
7415,01500601,1280
7416,01500406,867
7417,01500702,1415
7418,01500704,404
7419,01500201,971
7421,01501008,653
7422,01501004,1123
7423,01500801,983
7424,01500905,933
7425,01500901,1122
7426,01500907,6
7427,01501010,20
7428,01501505,49
7429,01501002,504
7431,01501101,1839
7433,01501201,1829
7434,01501401,239
7435,01501301,118
7437,01501501,1910
7439,02850601,119
7441,01630303,831
7442,01630406,946
7443,01630602,1043
7447,01630102,456
7448,01630700,453
7451,17420311,868
7461,17421004,619
7462,17421006,887
7463,17420902,1008
7466,01890509,85
7467,01890508,109
7468,01890302,764
7471,17350000,1574
7472,17350109,112
7475,17350200,1568
7478,17350500,574
7481,01580001,1003
7482,01580030,786
7483,01580060,781
7491,17350609,1013
7495,17350908,142
7496,17350800,697
7497,17350900,347
7511,01530003,2593
7512,01530005,1780
7513,01530007,1060
7514,01530001,720
7515,01500606,5
7521,01530301,2363
7522,01530400,1064
7523,01530404,2201
7524,01530900,796
7525,01530902,102
7531,01530502,1686
7532,01530801,1149
7533,01530100,1932
7534,01530802,1251
7535,01530102,977
7536,01530905,32
7541,01530103,1554
7542,01530601,2022
7543,01530201,1619
7544,01530606,2130
7545,01530203,2264
7546,01530607,1604
7547,01530700,468
7548,01530901,1203
7551,01640000,878
7552,01640403,1929
7553,01640501,2079
7554,01640600,283
7555,01640604,2115
7556,01640100,1800
7557,01640200,1859
7558,01640300,926
7559,01640800,1016
7561,17741910,506
7562,01731000,46
7571,01730100,1584
7572,01730300,1620
7573,01730500,746
7574,01730600,1751
7575,01730800,488
7576,01731100,2595
7577,01731200,2147
7581,01680003,2412
7582,01680001,2151
7585,01680101,92
7586,01680201,1556
7587,01680301,1171
7588,01680409,229
7591,17741014,839
7595,17741611,384
7596,17741710,542
7597,17741899,285
7601,01411103,1007
7602,01411201,956
7603,01411303,954
7604,01411405,753
7605,01411501,613
7606,01411604,920
7607,01411000,1525
7608,01411805,1285
7609,01411909,1028
7610,01411209,18
7611,01412001,415
7614,01830800,125
7615,01830200,417
7621,01470006,1290
7622,01470001,1823
7623,01470000,1783
7625,01470101,405
7626,01470105,106
7627,01412100,458
7631,17741513,517
7634,17741210,203
7635,17741110,168
7636,17741398,118
7637,17742199,117
7638,17742099,58
7641,01890004,1074
7642,01890002,795
7645,01890209,172
7651,01830002,880
7661,01830500,311
7662,01831109,81
7663,01831009,120
7664,01830909,124
7665,01830102,493
7666,01830700,206
7667,01830600,285
7668,01831209,41
7671,17000107,1296
7672,17000104,907
7675,17000205,53
7676,17000202,897
7678,01830301,632
7679,01830400,281
7681,17000402,2265
7683,17000302,1581
7685,01750401,172
7686,17000404,116
7687,01630900,296
7688,01630508,283
7691,01600501,1001
7692,01602001,272
7693,01602502,314
7694,01601701,467
7695,01602902,189
7696,01600601,94
7701,01600901,2220
7702,01600902,317
7705,16900300,96
7707,01600403,444
7711,01480201,924
7715,01800509,277
7721,01480104,861
7722,01480119,440
7731,01750103,711
7732,01750125,351
7734,01750901,60
7735,01750201,77
7736,01750301,59
7737,01750802,166
7738,01751102,120
7739,01751001,97
7741,01091000,1548
7742,01091003,1350
7751,01092022,1528
7753,01092026,254
7754,01092024,117
7755,01092028,112
7756,01092030,61
7761,01141000,1686
7764,01141003,195
7765,01143200,565
7766,01142100,328
7771,01602803,848
7772,01602807,1417
7773,01602808,1731
7775,01601901,366
7776,01602601,1094
7777,01602401,167
7778,01601801,70
7779,01601501,35
7781,01600801,88
7782,01600803,454
7783,01601202,766
7784,01600102,142
7785,01600301,12
7786,01601001,61
7787,01601401,58
7788,01600201,58
7791,01602101,190
7792,01602701,31
7793,01601601,121
7794,01602201,63
7795,01601101,42
7796,01601301,86
7797,01602301,151
7798,01600701,104
7811,01144000,2765
7812,01144600,4412
7813,01144900,754
7814,01145109,258
7815,01144200,3219
7821,01145300,250
7822,01144100,759
7823,01144400,3510
7824,01144300,3850
7825,01145300,424
7826,01145000,1248
7827,01144700,3990
7828,01144800,840
7831,01140101,868
7833,01140600,1912
7841,01094040,1043
7842,01094041,26
7843,01094057,205
7844,01141300,934
7845,01094055,40
7846,01094043,190
7847,01094044,71
7848,01094047,900
7849,01094048,133
7851,01095058,149
7852,01095063,76
7853,01095064,64
7854,01095059,770
7855,01095061,128
7856,01095065,59
7858,16819209,73
7859,16819209,14
7861,01093032,781
7863,01093034,242
7864,01093036,97
7871,16819601,251
7872,16810001,458
7873,16819801,342
7874,16819901,90
7875,16819501,246
7876,16810102,458
7877,16818109,45
7881,01140300,2281
7884,01140400,599
7885,01140500,561
7887,01140700,1657
7889,01140401,84
7891,01140801,2785
7892,01140800,88
7894,01140900,1187
7895,01140200,153
7901,01185007,944
7902,01185008,1245
7903,01186203,260
7904,01185003,2064
7905,01185004,1955
7906,01185005,3199
7907,01185006,956
7908,01185109,1194
7909,01185104,675
7910,17311309,38
7911,01185701,69
7912,01185700,191
7913,01185400,1350
7914,01185500,600
7915,01185401,15
7916,01185300,664
7917,01093038,294
7918,01185600,508
7921,16900000,2356
7924,16900600,144
7925,16900409,95
7926,16900200,218
7927,16900100,217
7928,17310309,5
7929,01093068,17
7931,01185200,181
7932,16900700,81
7933,01186000,488
7934,01185900,144
7935,16900900,21
7936,01185800,152
7937,17310509,23
7938,17311200,353
7941,01190000,1560
7942,01190201,790
7943,01190603,1084
7944,01190303,977
7946,17081100,402
7948,01191201,491
7949,01191300,79
7951,01800005,1168
7954,01800100,640
7955,01800400,395
7957,16901300,1181
7958,16901200,432
7961,16901100,1092
7963,16900800,1279
7964,16901000,100
7965,01191301,36
7966,01191302,34
7971,17010800,1521
7973,17010801,255
7974,17010802,82
7975,17010900,534
7981,17010000,1120
7983,17010100,221
7984,17010700,73
7985,17010600,12
7986,17010009,82
7991,17010300,1106
8011,01931000,1301
8012,01931310,1594
8013,01931340,1105
8014,01935110,1951
8015,01935120,974
8016,01935060,1422
8017,01935030,909
8019,01931410,622
8021,01931100,1264
8022,01931150,1871
8023,01931210,1591
8024,01934000,1617
8025,01934030,290
8026,01934120,316
8028,01934040,119
8031,01933000,1645
8032,01933110,2233
8033,01933130,1460
8034,01933200,251
8035,01933220,106
8041,01932000,113
8042,01932110,1115
8043,01932240,2949
8044,01932270,1083
8045,01932210,4
8051,02440001,1395
8052,02440005,760
8055,01770901,162
8061,18960200,586
8064,18960404,750
8066,17081000,202
8071,03020001,3964
8072,03020000,2905
8075,03020100,1135
8076,03020101,192
8077,03020003,293
8079,02690201,70
8081,02300102,1231
8082,02300106,226
8084,02300201,965
8085,02300300,699
8091,02690100,1810
8094,02690102,434
8095,02690004,232
8096,02690000,1258
8097,02690200,425
8101,01770107,819
8102,01770102,757
8103,01770111,928
8105,01770201,615
8106,01770301,355
8107,01770601,318
8111,01770501,1099
8112,01770401,325
8121,17730112,736
8124,17730320,304
8131,17730216,1223
8141,01770703,787
8144,01770801,124
8146,01750501,100
8147,01750601,78
8148,01750701,305
8151,01480302,541
8152,01480301,531
8153,01480306,30
8154,01480305,34
8161,02320008,1187
8162,02320005,929
8166,02320101,761
8167,02320300,295
8171,02320204,895
8172,02320203,537
8181,02460000,3827
8191,02460100,1665
8193,02460007,41
8194,02460001,172
8196,17730626,231
8198,17731031,22
8211,09950115,139
8212,09950225,698
8218,09951058,58
8219,09950227,448
8221,09951074,19
8222,09950119,66
8223,09950111,1205
8224,09950221,1011
8225,09950312,974
8226,09950431,956
8231,09950611,574
8232,09950524,923
8233,09950731,459
8239,09951131,301
8241,09950672,494
8242,09950632,907
8243,09950633,1026
8244,09950852,906
8245,09951112,876
8251,03030321,1390
8252,03030431,948
8253,03030103,2022
8254,03030321,392
8255,03030705,920
8256,03030602,744
8261,01660000,2611
8262,01660001,1766
8263,01660006,486
8264,01660009,814
8265,01660008,2901
8266,01660015,1218
8267,01660018,168
8269,01660225,237
8271,01660300,1873
8274,01660500,328
8275,01660800,215
8276,01660400,178
8277,01660600,319
8278,01660700,236
8281,18960013,887
8291,18960500,6
8293,01660900,43
8294,18960500,47
8301,01710101,1222
8302,01710111,1929
8303,01710109,1180
8304,01710110,1517
8305,01710115,172
8307,01710631,935
8308,01710734,579
8309,01710837,675
8311,01710941,478
8312,01711045,514
8313,01711149,405
8314,01710219,371
8315,01710322,428
8316,01710424,1208
8317,01710527,416
8319,01711252,9
8321,01840008,1449
8322,01840010,1626
8323,01840015,311
8325,17080700,1891
8326,17080800,533
8331,17080002,1472
8332,17080009,1325
8333,17080029,405
8334,17082800,844
8335,17082400,69
8336,17082300,39
8337,17082500,60
8338,17082600,255
8339,17082700,57
8341,17082900,765
8342,17083001,62
8343,17081800,242
8344,17081901,74
8345,17082000,69
8346,17082200,63
8347,17082100,149
8351,17011000,225
8355,17081704,580
8356,17081600,606
8361,17083200,25
8362,17083500,12
8363,17083400,87
8371,17080600,189
8372,17083600,18
8373,17080501,73
8374,17080400,351
8375,17080200,1118
8376,17083300,304
8377,17080300,133
8378,17083100,138
8381,17011100,947
8382,17011200,76
8383,17011300,139
8384,17011500,372
8385,17011400,126
8386,17011609,123
8387,17011709,14
8388,00981102,130
8389,00981201,128
8391,00981005,544
8392,00981301,218
8393,00980903,76
8394,00980902,93
8395,00980801,303
8396,00980702,37
8397,00980701,345
8398,00980602,129
8401,00860506,838
8403,00860702,56
8404,00860801,289
8405,00861001,114
8406,00861501,441
8407,00861401,254
8408,00860901,407
8409,00860601,204
8411,00740406,1385
8412,00740407,322
8413,00740405,302
8414,00740404,616
8415,00740302,163
8421,00851001,434
8422,00850902,78
8423,00850801,267
8424,00850301,139
8425,00850701,76
8426,00850111,555
8427,00851201,98
8428,00850402,93
8431,00851112,644
8432,00850502,146
8433,00850603,420
8434,00851301,202
8435,00850202,335
8437,17010209,108
8438,17010209,223
8439,17010209,82
8441,00740100,1724
8442,00740102,1868
8443,00740106,1168
8444,00740106,127
8445,00740105,563
8446,00740104,3350
8447,00740103,1509
8448,00740107,2041
8449,00740201,110
8451,00740401,628
8452,00740109,39
8453,00740601,409
8454,00740402,303
8455,00740403,214
8456,00740301,509
8457,00740205,69
8458,00740203,337
8459,00740202,156
8461,19403801,291
8462,19403601,68
8463,19403701,236
8464,19404201,507
8465,19403001,791
8466,19402501,21
8467,19405001,144
8468,00740701,160
8469,00740702,64
8471,00980011,781
8472,00980020,411
8474,00981501,324
8475,00981402,95
8476,00980104,80
8477,00980102,51
8478,00980502,82
8479,00980501,67
8481,00980305,72
8482,00980403,85
8483,00980401,137
8484,00980302,117
8485,00980304,127
8486,00980202,83
8487,00980201,53
8488,00980101,74
8489,00980403,18
8491,00740901,1652
8493,19404601,783
8494,00740902,375
8495,00740903,701
8497,00902213,23
8501,19401910,1228
8502,19401906,1016
8503,19401908,56
8505,19404401,22
8506,19401701,206
8507,19403501,324
8508,19400701,218
8511,19401501,150
8512,19400601,141
8513,19403201,139
8514,19403301,27
8515,19402701,35
8516,19400901,33
8517,19404001,317
8521,19404101,1587
8522,19404901,131
8523,19401801,294
8524,19404801,16
8525,19402101,638
8526,19400501,221
8527,19402201,16
8528,19400801,18
8529,19001204,25
8531,19402305,832
8532,19402305,550
8534,19401201,18
8535,19401401,57
8536,19402802,248
8537,19401001,120
8538,19400401,248
8539,19401102,395
8541,19400101,44
8542,19404701,113
8551,19001200,683
8552,19001203,5
8553,19001201,208
8554,19001202,14
8556,19404301,364
8561,19400301,2184
8563,19405101,278
8564,19403901,47
8565,19404501,157
8566,19402601,236
8567,19403101,630
8571,19401601,178
8572,19403401,81
8573,19402401,47
8574,19400201,517
8581,19401301,210
8582,19402901,129
8583,19402001,21
8584,19000400,260
8601,19000101,1022
8602,19000105,1378
8603,19000107,885
8604,19000110,1243
8605,19000112,779
8606,19000113,1436
8607,19000117,1822
8608,19000115,1307
8611,19000801,130
8612,19000802,6
8613,19000804,11
8614,19000800,332
8615,19000901,239
8616,19000902,32
8617,19000903,47
8618,19000900,144
8621,19000600,1136
8622,19000602,241
8623,19000603,104
8624,19001101,190
8625,19001100,468
8626,19000118,176
8627,19000702,132
8628,19000701,70
8629,19000700,624
8631,19000119,17
8632,19001000,49
8633,19000120,294
8635,19002017,145
8636,19002015,48
8637,19002016,135
8641,19002005,51
8642,19002006,27
8644,19001904,50
8647,19001902,149
8651,19000501,615
8658,19000905,20
8701,19000002,1033
8702,19000004,763
8711,19000200,2125
8713,19000202,460
8715,19000403,495
8721,19000401,401
8722,19000302,117
8723,19000300,1245
8724,19000301,131
8731,19002001,952
8732,19002012,83
8733,19002011,21
8734,19002002,375
8735,19002004,98
8736,19002008,68
8737,19002007,41
8741,19001402,43
8742,19001401,108
8743,19001403,31
8744,19001404,80
8745,19001405,26
8746,19001406,69
8747,19001501,115
8748,19001300,855
8749,19001301,231
8751,19001500,87
8752,19001509,19
8753,19001502,39
8754,19001700,1593
8755,19001800,39
8756,19001802,22
8757,19001803,86
8758,19001801,33
8759,19001604,177
8761,19001804,51
8762,19001601,27
8763,19001600,151
8764,19001602,33
8765,19001603,115
8766,19001503,5
8771,19001001,327
8772,19001003,7
8773,19001002,129
8774,19000909,31
8775,19000201,18
8801,19492802,898
8802,19492804,657
8804,19494801,410
8805,19493000,103
8806,19491501,249
8807,19492900,119
8808,19492501,150
8809,19492200,19
8811,19494201,171
8812,19494000,113
8813,19494300,58
8814,19495500,48
8816,19494500,44
8821,19001302,235
8822,19001303,387
8823,19001400,118
8831,19495301,456
8832,00808113,46
8833,00808114,10
8834,00808115,87
8835,00808116,186
8841,19491700,47
8842,19495401,137
8843,19494701,103
8844,19002003,24
8845,19002013,27
8851,19494902,478
8852,19492700,32
8853,19493300,16
8854,19493801,213
8855,19494401,693
8856,19494100,69
8857,00720200,152
8861,00720006,2009
8862,00720004,3152
8871,00720109,6
8872,00720100,242
8881,00930000,1237
8882,00930111,17
8883,00930111,8
8884,00930111,48
8885,00930111,13
8891,00930110,464
8892,00930111,9
8893,00930214,20
8894,00930214,85
8895,00930316,78
8896,00930419,207
8897,00930521,49
8899,00960000,698
8911,00801008,718
8912,00807403,304
8913,00803201,1508
8914,00803202,196
8915,00803101,1764
8916,00803005,783
8917,00803003,950
8918,00806001,2840
8919,00806002,144
8921,00802003,1025
8922,00802001,1181
8923,00806102,818
8924,00805002,706
8925,00805102,1337
8926,00805101,1876
8927,00806204,428
8931,00804101,1406
8932,00804001,1108
8933,00801103,1253
8934,00801106,477
8935,00807001,1686
8936,00801105,275
8937,00801104,489
8938,00807004,618
8939,00807203,1980
8941,00807301,630
9001,00808206,2940
9003,00808007,388
9004,00808006,15
9005,00808004,792
9006,00808203,10
9007,00808204,38
9008,00808201,441
9009,00808205,29
9011,00808208,604
9012,19001900,287
9013,19001901,77
9014,19001903,139
9021,19002018,157
9022,00808103,450
9023,00808109,113
9024,00808105,194
9025,00808108,53
9026,00808107,66
9027,00808111,97
9031,19492301,149
9032,19492100,34
9033,19492401,387
9034,19493401,450
9035,19492602,636
9036,19493502,737
9037,19494600,29
9038,19493101,137
9041,19491801,538
9043,19495200,82
9044,19491901,333
9045,19492001,372
9047,19493603,427
9051,00806301,3253
9053,00806303,50
9054,00806305,186
9055,00806209,400
9056,00806207,167
9057,00806205,86
9061,07370201,936
9062,07370101,881
9063,07370200,242
9064,07370100,243
9067,18910202,77
9071,00806307,120
9072,19493700,147
9073,19700801,516
9074,19700900,1010
9075,19495100,134
9076,19491604,712
9077,19495001,252
9078,19493901,326
9079,19493202,303
9081,00806201,186
9082,00806203,11
9083,00806202,101
9084,00807101,1272
9085,00807201,9
9086,00807201,62
9087,00808002,17
9088,00808001,464
9089,00808101,233
9091,07370102,80
9101,19700003,998
9102,19700008,408
9103,19700009,525
9104,18910000,2378
9105,18910300,386
9106,18910301,19
9107,19701006,17
9108,18910001,450
9109,18910002,81
9111,19701000,234
9112,19701000,274
9113,18910101,336
9114,18910100,291
9121,19700104,45
9122,19700103,24
9123,19700100,331
9124,19700101,16
9125,19700105,48
9131,19700200,291
9132,19700201,209
9133,19700303,468
9134,19700301,143
9135,19700302,76
9136,19700401,116
9137,19700400,342
9138,19700102,142
9141,19700501,195
9142,19700503,144
9143,19700502,173
9144,19700701,49
9145,19700500,480
9146,19700702,25
9147,19700700,136
9148,19700703,26
9151,19700600,681
9152,19700601,21
9153,19700602,101
9154,19700603,29
9155,19700605,81
9156,19700604,42
9161,00600003,606
9162,00600007,259
9163,00600000,652
9164,00600001,761
9166,00880000,731
9171,19700802,290
9172,19700800,713
9173,19700803,45
9174,19701003,42
9175,19701004,48
9176,19701005,24
9177,19701002,19
9178,19701001,53
9201,00900802,916
9202,00900204,852
9203,00900101,1149
9204,00900406,873
9205,00901302,1108
9206,00901101,456
9207,00900703,575
9211,00902216,71
9212,00902206,751
9213,00902203,175
9214,00902212,23
9215,00902215,99
9216,00902110,733
9217,00902109,181
9218,00902104,481
9219,00902114,123
9221,00902311,599
9222,00902307,479
9223,00902308,397
9231,00590200,2567
9233,00590203,302
9241,00861703,340
9243,00860102,503
9244,00860203,561
9245,00861101,442
9246,00860208,34
9247,00861602,633
9248,00861302,159
9249,00860401,315
9251,07370000,4253
9254,07370900,2084
9255,07370400,600
9256,07370300,284
9257,07370800,593
9258,07370701,226
9261,07370700,549
9262,07370600,458
9263,07370501,618
9264,07370500,181
9265,07370401,211
9269,18910201,1549
9271,18910200,2220
9281,00590201,1574
9283,00590202,348
9284,00590103,419
9285,00590000,2298
9286,00590001,439
9287,00590003,643
9288,00590002,911
9289,00590102,626
9291,19701100,2438
9292,19701204,23
9293,19701201,143
9294,19701300,246
9295,19701302,199
9296,19701301,110
9297,19701402,42
9298,19701400,1168
9299,19701401,222
9301,16990000,3723
9302,16990010,1355
9304,16990130,49
9305,16990100,108
9306,16990130,49
9307,16990130,89
9311,16990030,515
9312,16990040,413
9313,16990050,41
9314,16990060,57
9315,16990070,123
9321,16990600,1843
9331,16990300,1794
9333,16990320,76
9334,16990330,28
9335,16990430,34
9336,16990370,45
9337,16990350,64
9341,16990360,379
9342,16990310,220
9343,16990380,75
9351,19690402,2001
9354,19690500,591
9355,19690709,63
9356,19690601,1045
9359,19690609,9
9361,19691109,45
9362,19691104,84
9363,19691100,2420
9364,19691102,254
9365,19691103,186
9366,19691204,74
9367,19691200,575
9401,01060005,1119
9402,01060200,1091
9403,01060710,831
9404,01060307,1113
9405,01060503,783
9406,01060401,780
9407,01060602,1081
9408,01060804,502
9409,01069900,103
9411,17310000,3249
9412,17310000,498
9413,17310000,379
9414,17310200,343
9415,17310100,255
9416,17310101,40
9417,17310400,65
9418,17310300,306
9419,17310509,57
9421,17310700,1160
9422,17310600,1701
9423,17310800,409
9431,17310900,2234
9432,17311001,29
9433,17311409,219
9434,17310901,21
9435,17311609,23
9436,17311602,63
9437,17311601,36
9438,17311600,37
9439,17311100,182
9441,17311509,59
9442,17311000,150
9443,16802001,71
9444,16802000,251
9445,16802009,11
9446,16802101,36
9447,16802008,22
9448,16801909,36
9449,16801908,288
9451,16801900,1747
9452,16801902,21
9453,16802109,14
9454,16802100,112
9455,16802109,5
9456,16802109,9
9457,16801903,31
9458,16801901,55
9459,16801909,7
9461,16801700,2232
9462,16801400,670
9463,16800100,507
9464,16801300,43
9465,16800400,99
9466,16800300,173
9467,16800200,143
9468,16800000,1469
9469,16800500,283
9471,17300000,1851
9472,17300001,1363
9473,17300100,164
9474,17300200,87
9475,17300309,100
9479,00141902,154
9481,17300900,1910
9482,17301300,823
9483,17301407,106
9484,17301401,21
9485,17301402,26
9486,01069906,18
9487,01069908,27
9488,01069909,38
9489,01069910,16
9491,17301500,265
9492,01069904,34
9493,17301201,78
9494,17301200,325
9495,17301101,31
9496,17301100,51
9497,17301000,138
9501,00370102,1093
9502,00370103,1234
9503,00370108,1162
9511,16801800,274
9512,16801209,127
9514,16801500,799
9515,16801600,276
9521,16819702,733
9523,16818801,199
9524,16818601,139
9525,16818909,96
9526,16818409,32
9527,16818309,42
9528,16818501,283
9531,16818203,579
9533,16818701,150
9534,16810209,48
9535,16819309,10
9536,16819001,104
9537,16819109,53
9541,19500400,961
9545,19500500,240
9551,19500300,478
9561,19500700,2108
9563,19500702,197
9564,16810309,35
9566,19500100,242
9571,16818003,470
9573,16817901,112
9574,16819409,36
9581,00370200,1687
9584,00370400,358
9585,00370402,104
9591,00370300,763
9601,19520101,1789
9602,19520205,1016
9603,19520304,522
9605,19520501,317
9606,19520602,415
9607,19520701,375
9608,19520803,188
9609,19520801,15
9611,19520401,961
9613,00141400,562
9614,00141401,69
9615,19521001,569
9616,19520904,109
9617,19520901,1242
9618,19520907,51
9619,19521101,304
9621,19521201,935
9622,00141402,34
9623,19521604,66
9624,19521603,20
9625,19521602,119
9626,19521301,655
9627,19521401,237
9628,19521501,1279
9629,19521702,68
9631,00470100,166
9632,19521806,28
9633,19521805,45
9635,19521901,739
9636,19522001,1507
9641,00470000,1198
9642,00470005,3400
9644,00470101,453
9645,00470001,1388
9646,00470007,897
9648,00470200,1353
9649,19521801,1104
9651,19522101,657
9654,16801100,188
9655,16800900,44
9656,16800700,60
9657,16800800,41
9658,16800600,172
9659,16801200,103
9661,00370500,358
9663,07650100,1802
9665,07650000,3600
9671,18950000,2195
9672,18950008,378
9673,18950003,1469
9674,18950006,1151
9675,18950001,1406
9677,18950602,556
9678,18950700,489
9679,18950600,1194
9681,18950900,759
9682,18950901,451
9684,18950100,328
9685,18950009,293
9686,18950301,419
9687,18950400,62
9688,18950200,153
9691,18950209,21
9693,18950501,329
9695,19500000,974
9696,19500005,58
9697,19500200,943
9698,19500202,285
9699,19500004,195
9711,00140001,1923
9712,00140005,1743
9713,00140400,1402
9714,00140302,1603
9715,00140301,3229
9716,00140303,2224
9717,00140201,1356
9718,00140202,1482
9721,00140605,2532
9722,00140601,1467
9723,00140501,834
9724,00140101,1834
9725,00140103,1836
9726,00140106,788
9727,00140104,1060
9728,00140700,2539
9731,00141213,1048
9732,00141201,1579
9733,00141200,1885
9734,00141211,507
9735,00141206,86
9736,00141101,2969
9737,00141100,2913
9738,00141104,96
9741,00141000,2643
9742,00141002,2777
9743,00140900,2653
9744,00140801,2288
9745,00140800,763
9746,00140904,1236
9747,00141003,83
9749,16990120,14
9751,00141702,1691
9752,00141701,1702
9753,00141800,1851
9755,00141901,150
9756,00141900,456
9761,17300700,2873
9765,17300600,1675
9766,17300805,883
9771,19660503,493
9773,19660501,45
9774,19660502,264
9781,19660809,886
9784,19660804,54
9785,19660803,372
9791,00141500,1979
9792,00141600,300
9793,00141603,61
9794,00141601,36
9795,00141602,181
9796,00141504,74
9797,00141503,236
9798,00141502,231
9801,19691400,3055
9804,19691401,569
9805,19691403,114
9811,19691000,77
9812,19691000,20
9821,19690301,373
9822,19690300,578
9824,19691106,81
9825,19691105,68
9827,19690800,35
9828,19690900,228
9831,19691700,932
9832,19691701,80
9833,19691709,66
9841,19691402,7
9842,19691402,188
9843,19691500,1120
9844,19691504,80
9845,19691502,143
9851,19701200,235
9852,19701202,68
9853,19701203,202
9861,19690000,1594
9862,19690002,129
9863,19690001,280
9864,19690202,218
9865,19690200,478
9866,19690100,274
9871,00590100,69
9872,00590100,45
9873,00590004,309
9881,19691503,125
9882,19691503,102
9883,19691600,557
9884,19691601,68
9885,19691604,53
9886,19691603,50
9891,19691300,341
9892,19691301,81
9893,19691302,172
9901,19791149,737
9902,19791256,1522
9903,19791363,409
9904,19790734,40
9905,19790733,416
9906,19790737,251
9907,19790736,74
9908,19790735,123
9909,19790738,527
9911,19791990,71
9912,19791989,84
9913,19791991,42
9914,19791987,178
9915,19791986,297
9917,19791675,172
9918,19791674,182
9919,19791673,1129
9921,19791777,427
9922,19791778,161
9923,19791779,81
9924,19791779,9
9925,19661001,7
9931,19790625,830
9932,19790411,547
9933,19790626,1164
9934,19790203,732
9936,19790307,534
9937,19790932,169
9939,19521701,122
9942,18950801,53
9943,18950800,113
9944,18951000,499
9945,19790944,771
9946,19790943,405
9947,19790942,149
9948,19790941,162
9949,19790940,61
9951,19660606,802
9953,19660702,882
9954,19660701,43
9955,19660703,80
9956,19660704,199
9957,19660701,26
9959,19660810,232
9961,19660207,69
9962,19660206,49
9963,19660205,108
9964,19660203,349
9965,19660202,846
9966,19660201,53
9967,19660403,668
9968,19660402,163
9969,19660404,122
9971,19660103,667
9972,19660101,34
9973,19660106,95
9974,19660104,608
9975,19660105,69
9976,19660102,261
9977,19660304,259
9978,19660302,60
9979,19661401,70
9981,19661204,969
9982,19661303,934
9983,19661304,482
9984,19661305,62
9985,19661301,49
9986,19661301,47
9987,19791988,91
9988,19661102,611
9989,19660902,1016
9991,19791881,936
9992,19791883,54
9993,19791882,34
9994,19791884,25
9995,19661002,270
9996,19661001,36
9997,19661003,222
9998,19661001,76
9999,19661001,45
